day,date,active_days,recomputed,surfaced,new,transitions
1,2025-09-29,1,False,0,,
2,2025-09-30,2,False,0,,
3,2025-10-01,3,False,0,,
4,2025-10-02,4,False,0,,
5,2025-10-03,5,False,0,,
6,2025-10-04,6,False,0,,
7,2025-10-05,7,False,0,,
8,2025-10-06,8,False,0,,
9,2025-10-07,9,False,0,,
10,2025-10-08,10,False,0,,
11,2025-10-09,11,False,0,,
12,2025-10-10,12,False,0,,
13,2025-10-11,13,False,0,,
14,2025-10-12,14,False,0,,
15,2025-10-13,15,False,0,,
16,2025-10-14,16,False,0,,
17,2025-10-15,17,False,0,,
18,2025-10-16,18,False,0,,
19,2025-10-17,19,False,0,,
20,2025-10-18,20,False,0,,
21,2025-10-19,21,False,0,,
22,2025-10-20,22,False,0,,
23,2025-10-21,23,False,0,,
24,2025-10-22,24,False,0,,
25,2025-10-23,25,False,0,,
26,2025-10-24,26,False,0,,
27,2025-10-25,27,False,0,,
28,2025-10-26,28,False,0,,
29,2025-10-27,29,False,0,,
30,2025-10-28,30,True,2,rumination: can't sleep my mind won't stop racing; recurring_phrase: went to bed late,
31,2025-10-29,31,True,3,rumination: the week is looming big deadline pressure at wor,
32,2025-10-30,32,True,3,,
33,2025-10-31,33,True,3,,
34,2025-11-01,34,True,3,,
35,2025-11-02,35,True,3,,
36,2025-11-03,36,True,4,mood_correlation: sleep,
37,2025-11-04,37,True,4,,
38,2025-11-05,38,True,4,,
39,2025-11-06,39,True,4,,
40,2025-11-07,40,True,4,,
41,2025-11-08,41,True,4,,
42,2025-11-09,42,True,4,,
43,2025-11-10,43,True,4,,
44,2025-11-11,44,True,4,,
45,2025-11-12,45,True,4,,
46,2025-11-13,46,True,5,link: sleep,
47,2025-11-14,47,True,5,,
48,2025-11-15,48,True,5,,
49,2025-11-16,49,True,5,,
50,2025-11-17,50,True,5,,
51,2025-11-18,51,True,5,,rumination 'can't sleep my mind won't stop r' emerging -> confirmed; recurring_phrase 'went to bed late' emerging -> confirmed
52,2025-11-19,52,True,5,,rumination 'the week is looming big deadline' emerging -> confirmed
53,2025-11-20,53,True,5,,
54,2025-11-21,54,True,7,recurring_phrase: watered the plants and swept the kitchen; recurring_phrase: cooked something simple for dinner,
55,2025-11-22,55,True,7,,
56,2025-11-23,56,True,10,mood_correlation: work; temporal: work; recurring_phrase: read ten pages of the novel before bed,
57,2025-11-24,57,True,11,recurring_phrase: tidied the desk and cleared the inbox,mood_correlation 'sleep' emerging -> confirmed
58,2025-11-25,58,True,11,,
59,2025-11-26,59,True,12,recurring_phrase: stretched for five minutes in the evening,
60,2025-11-27,60,True,13,recurring_phrase: called the pharmacy about the prescription refil,
61,2025-11-28,61,True,15,recurring_phrase: watched an episode of the documentary series; recurring_phrase: picked up groceries on the way back,
62,2025-11-29,62,True,15,,
63,2025-11-30,63,True,16,recurring_phrase: took photos of the cloudy sky at noon,
64,2025-12-01,64,True,17,recurring_phrase: sorted the recycling and took it down,
65,2025-12-02,65,True,18,recurring_phrase: sat outside for a while doing nothing,
66,2025-12-03,66,True,19,recurring_phrase: cleaned the bathroom quickly,
67,2025-12-04,67,True,19,,
68,2025-12-05,68,True,20,recurring_phrase: finished the crossword with help; recurring_phrase: changed the sheets and opened the windows,
69,2025-12-06,69,True,20,,
70,2025-12-07,70,True,20,recurring_phrase: tried a stretching video before bed; recurring_phrase: renewed the library books online,
71,2025-12-08,71,True,20,recurring_phrase: cooked soup for two meals,
72,2025-12-09,72,True,20,,
73,2025-12-10,73,True,20,recurring_phrase: looked up a recipe for the weekend,
74,2025-12-11,74,True,20,,
75,2025-12-12,75,True,20,recurring_phrase: did the dishes right after eating; recurring_phrase: sat with the window open listening to birds,recurring_phrase 'watered the plants and swept the' emerging -> confirmed; recurring_phrase 'cooked something simple for dinn' emerging -> confirmed
76,2025-12-13,76,True,20,,
77,2025-12-14,77,True,20,recurring_phrase: prepared tomorrow's lunch in advance,mood_correlation 'work' emerging -> confirmed; temporal 'work' emerging -> confirmed; recurring_phrase 'read ten pages of the novel befo' emerging -> confirmed
78,2025-12-15,78,True,20,recurring_phrase: rested on the couch without screens,recurring_phrase 'tidied the desk and cleared the ' emerging -> confirmed
79,2025-12-16,79,True,20,recurring_phrase: the commute was uneventful today,
80,2025-12-17,80,True,20,recurring_phrase: listened to half a podcast episode on the way ho,recurring_phrase 'stretched for five minutes in th' emerging -> confirmed
81,2025-12-18,81,True,20,,recurring_phrase 'called the pharmacy about the pr' emerging -> confirmed
82,2025-12-19,82,True,20,,recurring_phrase 'watched an episode of the docume' emerging -> confirmed; recurring_phrase 'picked up groceries on the way b' emerging -> confirmed
83,2025-12-20,83,True,20,,
84,2025-12-21,84,True,20,,recurring_phrase 'took photos of the cloudy sky at' emerging -> confirmed
85,2025-12-22,85,True,20,recurring_phrase: reorganized one shelf of the bookcase,recurring_phrase 'sorted the recycling and took it' emerging -> confirmed
86,2025-12-23,86,True,20,,recurring_phrase 'sat outside for a while doing no' emerging -> confirmed
87,2025-12-24,87,True,20,recurring_phrase: did a load of laundry and folded it,recurring_phrase 'cleaned the bathroom quickly' emerging -> confirmed
88,2025-12-25,88,True,20,,
89,2025-12-26,89,True,20,,recurring_phrase 'finished the crossword with help' emerging -> confirmed; recurring_phrase 'changed the sheets and opened th' emerging -> confirmed
90,2025-12-27,90,True,20,,
91,2025-12-28,91,True,20,,recurring_phrase 'tried a stretching video before ' emerging -> confirmed; recurring_phrase 'renewed the library books online' emerging -> confirmed
92,2025-12-29,92,True,20,,recurring_phrase 'cooked soup for two meals' emerging -> confirmed
93,2025-12-30,93,True,20,,
94,2025-12-31,94,True,20,,recurring_phrase 'looked up a recipe for the weeke' emerging -> confirmed
95,2026-01-01,95,True,20,,
96,2026-01-02,96,True,20,,recurring_phrase 'did the dishes right after eatin' emerging -> confirmed; recurring_phrase 'sat with the window open listeni' emerging -> confirmed
97,2026-01-03,97,True,20,,
98,2026-01-04,98,True,20,,recurring_phrase 'prepared tomorrow's lunch in adv' emerging -> confirmed
99,2026-01-05,99,True,20,,recurring_phrase 'rested on the couch without scre' emerging -> confirmed
100,2026-01-06,100,True,20,,
101,2026-01-07,101,True,20,,
102,2026-01-08,102,True,20,,
103,2026-01-09,103,True,20,,
104,2026-01-10,104,True,20,,
105,2026-01-11,105,True,20,,recurring_phrase 'listened to half a podcast episo' emerging -> confirmed
106,2026-01-12,106,True,20,,
107,2026-01-13,107,True,20,,
108,2026-01-14,108,True,20,,
109,2026-01-15,109,True,20,,recurring_phrase 'reorganized one shelf of the boo' emerging -> confirmed
110,2026-01-16,110,True,20,,
111,2026-01-17,111,True,20,,
112,2026-01-18,112,True,20,,recurring_phrase 'did a load of laundry and folded' emerging -> confirmed
113,2026-01-19,113,True,20,,
114,2026-01-20,114,True,20,,
115,2026-01-21,115,True,20,,
116,2026-01-22,116,True,20,recurring_phrase: backed up the laptop while making dinner,
117,2026-01-23,117,True,20,,
118,2026-01-24,118,True,20,,
119,2026-01-25,119,True,20,recurring_phrase: met the neighbor briefly at the door,
120,2026-01-26,120,True,20,,
121,2026-01-27,121,True,20,recurring_phrase: organized the photos on my phone,
122,2026-01-28,122,True,20,,
123,2026-01-29,123,True,20,recurring_phrase: cleaned the keyboard and the screen,
124,2026-01-30,124,True,20,,
125,2026-01-31,125,True,20,,
126,2026-02-01,126,True,20,recurring_phrase: took a short walk after lunch,
127,2026-02-02,127,True,20,,
128,2026-02-03,128,True,20,recurring_phrase: morning coffee on the balcony before anything el,
129,2026-02-04,129,True,20,,
130,2026-02-05,130,True,20,,
131,2026-02-06,131,True,20,,
132,2026-02-07,132,True,20,,
133,2026-02-08,133,True,20,recurring_phrase: walked the long way to the pharmacy,
134,2026-02-09,134,True,20,,
135,2026-02-10,135,True,20,,
136,2026-02-11,136,True,20,recurring_phrase: fixed the wobbly chair leg at last,
137,2026-02-12,137,True,20,,
138,2026-02-13,138,True,20,recurring_phrase: practiced a few chords quietly,
139,2026-02-14,139,True,20,,
140,2026-02-15,140,True,20,recurring_phrase: paid a bill online and filed the receipt,
141,2026-02-16,141,True,20,,
142,2026-02-17,142,True,20,recurring_phrase: mended the tear in the old jacket,
143,2026-02-18,143,True,20,,
144,2026-02-19,144,True,20,,
145,2026-02-20,145,True,20,,
146,2026-02-21,146,True,20,,
147,2026-02-22,147,True,20,,
148,2026-02-23,148,True,20,,
149,2026-02-24,149,True,20,recurring_phrase: donated a bag of old clothes,
150,2026-02-25,150,True,20,recurring_phrase: replaced the lightbulb in the hallway,
151,2026-02-26,151,True,20,,
152,2026-02-27,152,True,20,,
153,2026-02-28,153,True,20,,
154,2026-03-01,154,True,20,,
155,2026-03-02,155,True,20,,
156,2026-03-03,156,True,20,recurring_phrase: answered a few lingering messages at lunch,
157,2026-03-04,157,True,20,,
158,2026-03-05,158,True,20,,
159,2026-03-06,159,True,20,,
160,2026-03-07,160,True,20,,
161,2026-03-08,161,True,20,,
162,2026-03-09,162,True,20,,
163,2026-03-10,163,True,20,recurring_phrase: sketched a little in the notebook,
164,2026-03-11,164,True,20,,
165,2026-03-12,165,True,20,,
166,2026-03-13,166,True,20,,
167,2026-03-14,167,True,20,,
168,2026-03-15,168,True,20,,
169,2026-03-16,169,True,20,,
170,2026-03-17,170,True,20,recurring_phrase: booked the dentist appointment,
171,2026-03-18,171,True,20,,
172,2026-03-19,172,True,20,,
173,2026-03-20,173,True,20,recurring_phrase: ironed the shirts for the week,
174,2026-03-21,174,True,20,,
175,2026-03-22,175,True,20,,
176,2026-03-23,176,True,20,,
177,2026-03-24,177,True,20,recurring_phrase: journalled a quick list of things done,
178,2026-03-25,178,True,20,,
179,2026-03-26,179,True,20,,
180,2026-03-27,180,True,20,,
181,2026-03-28,181,True,20,,
182,2026-03-29,182,True,20,,
183,2026-03-30,183,True,20,,
184,2026-03-31,184,True,20,recurring_phrase: made the bed properly for once,
185,2026-04-01,185,True,20,,
186,2026-04-02,186,True,20,,
187,2026-04-03,187,True,20,,
188,2026-04-04,188,True,20,,
189,2026-04-05,189,True,20,,
190,2026-04-06,190,True,20,,
191,2026-04-07,191,True,20,,
192,2026-04-08,192,True,20,,
193,2026-04-09,193,True,20,,
194,2026-04-10,194,True,20,,
195,2026-04-11,195,True,20,,
196,2026-04-12,196,True,20,,
197,2026-04-13,197,True,20,,
198,2026-04-14,198,True,20,recurring_phrase: watered the neighbor's plants too,
199,2026-04-15,199,True,20,,
200,2026-04-16,200,True,20,,
201,2026-04-17,201,True,20,,
202,2026-04-18,202,True,20,,
203,2026-04-19,203,True,20,,
204,2026-04-20,204,True,20,,
205,2026-04-21,205,True,20,,recurring_phrase 'the commute was uneventful today' emerging -> confirmed
206,2026-04-22,206,True,20,,
207,2026-04-23,207,True,20,,
208,2026-04-24,208,True,20,,
209,2026-04-25,209,True,20,,
210,2026-04-26,210,True,20,,
211,2026-04-27,211,True,20,,
212,2026-04-28,212,True,20,,
213,2026-04-29,213,True,20,,
214,2026-04-30,214,True,20,,
215,2026-05-01,215,True,20,,
216,2026-05-02,216,True,20,,
217,2026-05-03,217,True,20,,
218,2026-05-04,218,True,20,,
219,2026-05-05,219,True,20,,
220,2026-05-06,220,True,20,,
221,2026-05-07,221,True,20,,
222,2026-05-08,222,True,20,,
223,2026-05-09,223,True,20,,
224,2026-05-10,224,True,20,,
225,2026-05-11,225,True,20,,
226,2026-05-12,226,True,20,,
227,2026-05-13,227,True,20,,
228,2026-05-14,228,True,20,,
229,2026-05-15,229,True,20,,
230,2026-05-16,230,True,20,,
231,2026-05-17,231,True,20,,
232,2026-05-18,232,True,20,,
233,2026-05-19,233,True,20,recurring_phrase: took the stairs instead of the elevator,
234,2026-05-20,234,True,20,,
235,2026-05-21,235,True,20,,
236,2026-05-22,236,True,20,,
237,2026-05-23,237,True,20,,
238,2026-05-24,238,True,20,,
239,2026-05-25,239,True,20,,
240,2026-05-26,240,True,20,,
241,2026-05-27,241,True,20,,
242,2026-05-28,242,True,20,,
243,2026-05-29,243,True,20,,
244,2026-05-30,244,True,20,,
245,2026-05-31,245,True,20,recurring_phrase: wrote a postcard to my aunt,
246,2026-06-01,246,True,20,,
247,2026-06-02,247,True,20,,
248,2026-06-03,248,True,20,,
249,2026-06-04,249,True,20,,
250,2026-06-05,250,True,20,,
251,2026-06-06,251,True,20,,
252,2026-06-07,252,True,20,,
253,2026-06-08,253,True,20,,
254,2026-06-09,254,True,20,recurring_phrase: called mom for ten minutes,
255,2026-06-10,255,True,20,,
256,2026-06-11,256,True,20,,
257,2026-06-12,257,True,20,,
258,2026-06-13,258,True,20,,
259,2026-06-14,259,True,20,,
260,2026-06-15,260,True,20,,
261,2026-06-16,261,True,20,recurring_phrase: brewed tea and watched the rain start,
262,2026-06-17,262,True,20,,
263,2026-06-18,263,True,20,,
264,2026-06-19,264,True,20,,
265,2026-06-20,265,True,20,,
266,2026-06-21,266,True,20,,
267,2026-06-22,267,True,20,,
268,2026-06-23,268,True,20,recurring_phrase: tried the new bakery around the corner,
269,2026-06-24,269,True,20,,
270,2026-06-25,270,True,20,,
271,2026-06-26,271,True,20,,
272,2026-06-27,272,True,20,,
273,2026-06-28,273,True,20,,
274,2026-06-29,274,True,20,,
275,2026-06-30,275,True,20,,
276,2026-07-01,276,True,20,,
277,2026-07-02,277,True,20,,
278,2026-07-03,278,True,20,,
279,2026-07-04,279,True,20,,
280,2026-07-05,280,True,20,,
281,2026-07-06,281,True,20,,
282,2026-07-07,282,True,20,,
283,2026-07-08,283,True,20,,
284,2026-07-09,284,True,20,,
285,2026-07-10,285,True,20,,
286,2026-07-11,286,True,20,,
287,2026-07-12,287,True,20,,
288,2026-07-13,288,True,20,,
289,2026-07-14,289,True,20,,
290,2026-07-15,290,True,20,,
291,2026-07-16,291,True,20,,
292,2026-07-17,292,True,20,,
293,2026-07-18,293,True,20,,
294,2026-07-19,294,True,20,,
295,2026-07-20,295,True,20,,
296,2026-07-21,296,True,20,,
297,2026-07-22,297,True,20,,
298,2026-07-23,298,True,20,,
299,2026-07-24,299,True,20,,
300,2026-07-25,300,True,20,,
301,2026-07-26,301,True,20,,
302,2026-07-27,302,True,20,,
303,2026-07-28,303,True,20,,
304,2026-07-29,304,True,20,,
305,2026-07-30,305,True,20,,
306,2026-07-31,306,True,20,,
307,2026-08-01,307,True,20,,
308,2026-08-02,308,True,20,,
309,2026-08-03,309,True,20,,
310,2026-08-04,310,True,20,,
311,2026-08-05,311,True,20,,
312,2026-08-06,312,True,20,,
313,2026-08-07,313,True,20,,
314,2026-08-08,314,True,20,,
315,2026-08-09,315,True,20,,
316,2026-08-10,316,True,20,,
317,2026-08-11,317,True,20,,
318,2026-08-12,318,True,20,,
319,2026-08-13,319,True,20,,
320,2026-08-14,320,True,20,,
321,2026-08-15,321,True,20,,
322,2026-08-16,322,True,20,,
323,2026-08-17,323,True,20,,
324,2026-08-18,324,True,20,,
325,2026-08-19,325,True,20,,
326,2026-08-20,326,True,20,,
327,2026-08-21,327,True,20,,
328,2026-08-22,328,True,20,,
329,2026-08-23,329,True,20,,
330,2026-08-24,330,True,20,,
331,2026-08-25,331,True,20,,
332,2026-08-26,332,True,20,,
333,2026-08-27,333,True,20,,
334,2026-08-28,334,True,20,,
335,2026-08-29,335,True,20,,
336,2026-08-30,336,True,20,,
337,2026-08-31,337,True,20,,
338,2026-09-01,338,True,20,,
339,2026-09-02,339,True,20,,
340,2026-09-03,340,True,20,,
341,2026-09-04,341,True,20,,
342,2026-09-05,342,True,20,,
343,2026-09-06,343,True,20,,
344,2026-09-07,344,True,20,,
345,2026-09-08,345,True,20,,
346,2026-09-09,346,True,20,,
347,2026-09-10,347,True,20,,
348,2026-09-11,348,True,20,,
349,2026-09-12,349,True,20,,
350,2026-09-13,350,True,20,,
351,2026-09-14,351,True,20,,
352,2026-09-15,352,True,20,,
353,2026-09-16,353,True,20,,
354,2026-09-17,354,True,20,,
355,2026-09-18,355,True,20,,
356,2026-09-19,356,True,20,,
357,2026-09-20,357,True,20,,
358,2026-09-21,358,True,20,,
359,2026-09-22,359,True,20,,
360,2026-09-23,360,True,20,,
361,2026-09-24,361,True,20,,
362,2026-09-25,362,True,20,,
363,2026-09-26,363,True,20,,
364,2026-09-27,364,True,20,,
365,2026-09-28,365,True,20,,
